id,pid,age,meno,size,grade,nodes,pgr,er,hormon,rfstime,status
83,590,48,0,20,3,7,0,0,0,779,0
244,1335,54,1,30,2,6,15,81,1,1036,1
159,264,54,1,21,2,7,6,8,0,1388,1
480,200,38,0,25,2,1,102,11,0,612,1
100,697,53,1,20,2,1,1,1,0,1192,1
442,1393,50,1,40,2,1,80,21,0,1264,0
465,556,60,1,30,2,2,92,18,1,2296,0
273,1235,68,1,30,2,1,20,312,0,854,0
525,549,47,0,15,3,1,139,36,0,2049,0
41,129,50,0,60,3,4,0,0,0,446,1
358,1064,57,1,20,2,3,39,83,0,495,1
503,761,51,0,30,2,1,119,44,0,195,0
352,1423,46,0,30,3,1,36,33,0,940,0
676,1178,64,1,35,1,4,858,15,0,722,0
162,1679,52,0,36,2,6,6,16,0,175,1
33,588,56,1,40,3,1,0,3,0,1013,0
487,460,61,1,36,2,6,107,158,0,805,1
592,1141,62,1,33,1,5,239,76,0,476,1
376,57,43,0,30,2,3,45,11,0,2234,0
289,849,37,0,22,1,3,23,64,1,1459,1
387,758,35,0,30,3,4,49,288,1,936,0
250,279,53,1,16,2,1,16,120,0,1157,1
130,1179,68,1,35,2,2,3,99,1,717,0
92,92,64,1,45,3,5,1,8,1,275,1
124,1112,46,0,45,2,8,2,4,0,622,1
295,55,38,0,20,2,9,24,34,0,579,1
58,382,70,1,80,3,8,0,0,0,1449,1
679,1065,65,1,17,1,1,935,200,0,967,0
157,48,61,1,22,2,2,6,173,1,2372,1
582,1201,53,1,10,2,2,217,20,1,1818,0
458,1088,51,1,13,2,5,89,134,0,1979,0
271,911,45,0,50,2,7,20,23,0,415,1
82,1009,49,0,45,3,6,0,22,0,375,1
337,936,71,1,18,2,2,31,9,1,1833,0
65,957,65,1,25,3,18,0,0,1,180,1
116,860,39,0,20,3,1,2,2,1,542,1
360,803,49,1,30,2,4,40,177,0,2227,0
607,1209,63,1,28,2,4,258,46,0,1847,0
88,968,50,1,25,2,3,0,496,1,502,1
404,199,27,0,22,2,1,56,99,0,536,1
80,1583,66,1,30,2,16,0,508,0,360,1
666,654,31,0,60,2,7,542,77,0,338,1
43,666,52,1,20,2,3,0,15,1,63,0
581,963,65,1,10,1,2,213,209,0,1938,0
42,303,59,1,21,2,4,0,75,0,344,1
296,1329,61,1,30,2,1,24,38,1,1091,0
127,1223,58,1,35,2,11,2,76,1,1100,0
637,1569,64,1,26,2,5,370,220,1,570,0
558,818,61,1,22,2,2,179,124,0,548,1
550,1520,47,0,78,2,14,168,53,0,776,1
524,502,38,0,24,1,1,138,82,0,2065,0
572,1087,47,0,25,2,1,199,134,0,1666,0
224,809,60,1,18,3,2,12,8,0,2052,0
386,183,57,1,25,2,3,48,65,0,456,1
115,844,43,0,80,2,20,2,25,0,1207,1
151,1290,59,1,35,2,5,5,125,0,772,0
245,726,51,1,30,3,10,15,103,0,747,1
686,894,80,1,7,2,7,2380,972,1,758,0
517,687,65,1,18,2,5,133,175,1,1861,0
571,1242,62,1,27,2,13,197,79,0,629,1
457,1363,70,1,15,2,3,89,151,1,1693,0
322,785,54,1,27,3,1,27,792,0,1598,0
396,932,66,1,20,3,3,54,17,1,2153,0
438,379,60,1,25,1,3,78,363,1,2170,0
4,769,45,0,25,3,1,0,4,0,177,0
36,757,25,0,29,2,3,0,0,0,343,1
146,700,47,0,60,2,15,5,38,1,500,1
311,599,73,1,35,2,1,26,65,0,772,1
280,149,63,1,43,2,5,21,174,1,893,1
307,1486,41,0,23,3,2,26,4,0,372,1
154,1324,60,1,35,2,2,5,4,0,359,1
272,1727,64,1,33,3,3,20,14,0,594,1
435,857,42,0,9,1,8,77,40,1,1807,0
117,1007,56,1,20,1,1,2,334,1,1756,0
665,346,63,1,45,3,2,530,328,0,2148,0
419,1159,33,0,15,3,33,66,8,0,960,1
508,1342,63,1,13,2,1,124,361,1,1490,0
312,1526,55,1,25,1,2,26,53,0,1349,0
291,930,61,1,35,3,2,23,9,1,1956,0
15,820,32,0,57,3,24,0,13,0,448,1
6,1642,48,0,52,2,11,0,0,0,842,1
522,938,48,0,18,1,1,137,73,0,2056,0
362,804,64,1,24,2,2,41,80,0,1601,1
113,1549,62,1,35,2,1,2,70,0,733,0
181,266,44,0,55,3,4,8,8,0,535,1
85,782,45,0,29,2,1,0,0,0,578,1
247,1387,64,1,40,2,23,16,22,1,1363,1
577,1622,67,1,15,1,1,208,257,1,368,0
31,777,49,0,55,2,7,0,0,0,679,1
75,329,51,1,32,3,10,0,0,0,1856,0
147,267,67,1,30,2,2,5,14,0,1653,0
165,358,65,1,20,2,1,6,6,0,2233,0
661,1131,66,1,28,2,2,488,298,0,970,0
301,309,53,1,17,2,1,25,30,1,2401,0
548,476,51,0,16,2,5,167,15,1,2017,0
575,214,43,0,21,2,1,206,87,0,2132,0
403,929,49,0,20,2,6,56,98,1,2015,1
537,1232,49,0,25,2,3,152,25,1,1717,0
478,842,41,0,40,2,4,100,100,1,1246,1
490,1394,55,1,34,2,6,109,477,0,1095,0
170,984,59,1,30,2,13,7,81,1,410,1
424,1292,36,0,25,2,2,70,22,0,371,1
556,1070,46,0,12,2,3,175,80,0,1502,0
598,1239,37,0,35,3,1,242,67,0,205,1
511,990,47,0,16,2,2,128,18,0,1629,0
226,347,41,0,20,3,3,13,1,1,2126,0
262,1491,47,0,23,3,2,18,9,0,567,0
142,1625,65,1,22,2,8,4,2,0,65,0
651,1705,47,1,20,3,6,408,36,0,1125,0
594,1115,58,1,31,2,2,240,394,0,1721,0
645,1479,60,1,27,2,6,401,159,0,714,1
481,1527,34,0,15,2,5,103,118,0,1162,1
612,152,40,0,35,2,2,279,99,0,2093,1
616,1365,44,0,23,2,2,299,35,0,1105,1
378,228,61,1,38,2,17,46,52,0,537,1
684,1525,57,1,35,3,1,1490,209,1,1342,0
564,488,61,1,40,1,15,185,206,0,1152,0
260,1160,38,0,57,3,9,18,62,0,571,1
576,1581,64,1,24,2,2,206,304,0,1218,1
160,94,51,1,35,3,1,6,1,0,1193,1
38,735,48,0,45,3,1,0,0,0,1862,0
590,732,37,0,25,2,1,235,38,1,1169,0
112,1199,53,1,26,3,8,1,1,0,624,1
375,863,52,0,50,2,7,45,39,1,1277,0
21,1545,68,1,18,2,14,0,2,0,959,1
433,1809,62,1,22,2,7,76,153,0,18,0
574,1195,40,0,15,2,1,204,138,0,1117,0
629,1381,31,0,28,2,2,349,189,0,285,1
669,516,61,1,25,2,18,595,419,1,1283,0
128,693,46,1,25,2,1,2,0,0,1693,0
635,1080,38,0,31,1,10,365,206,0,1834,0
302,1740,41,0,34,2,10,25,10,0,740,0
420,1231,52,0,37,2,3,66,104,0,1714,0
557,255,45,0,100,2,6,178,77,1,2320,0
431,54,58,1,18,1,2,74,67,1,1989,1
604,1690,49,1,30,2,2,254,353,0,1090,1
101,1639,59,1,12,3,1,1,3,1,737,0
507,281,64,1,36,2,2,122,198,1,1679,1
610,209,47,0,45,2,2,264,59,1,2539,0
9,569,67,1,20,2,1,0,0,1,564,1
454,1224,59,1,30,2,1,87,8,0,1499,0
220,1547,41,0,15,2,4,11,11,0,486,1
425,205,69,1,19,1,3,73,386,0,1990,1
60,1279,51,0,20,2,1,0,0,0,1460,1
359,1196,57,1,30,2,8,40,40,1,836,1
361,1086,68,1,14,2,6,40,68,1,573,1
66,825,80,1,39,2,30,0,59,0,471,1
488,1779,46,0,32,2,1,108,52,0,969,0
412,1250,55,1,12,2,1,63,19,0,1243,0
317,778,33,0,35,3,1,26,0,0,1164,1
189,1619,52,1,35,3,1,8,5,0,308,1
286,694,57,1,55,3,6,22,186,0,859,0
561,1585,50,0,30,2,1,183,243,0,550,1
518,673,48,0,30,1,3,133,129,1,1627,0
210,662,43,0,18,2,1,10,41,0,71,0
484,1794,49,0,24,2,11,106,62,0,841,0
595,630,41,0,10,1,2,241,214,0,1984,0
536,1037,49,0,20,1,3,151,16,0,273,0
628,1659,45,0,30,2,3,345,31,0,1119,0
344,1197,47,0,40,2,2,33,59,0,1222,0
615,1586,60,1,37,1,1,296,35,0,1435,0
363,1334,48,0,35,2,1,41,61,0,1624,0
516,259,51,1,40,2,8,132,64,0,867,1
109,1200,59,1,35,2,4,1,1,0,742,1
532,1015,54,0,35,2,2,145,16,0,986,0
547,1116,48,0,15,2,2,166,128,0,741,0
530,1796,70,1,17,1,1,142,329,1,695,0
22,99,65,1,18,3,1,0,0,1,552,1
238,1294,38,0,23,3,3,14,6,0,1735,0
591,540,50,0,42,1,2,238,26,1,2456,0
639,918,65,1,22,1,6,386,31,0,637,1
56,496,33,0,19,2,2,0,0,1,2128,0
670,423,38,0,61,2,8,624,569,1,1869,0
568,823,65,1,16,2,1,192,25,0,2161,0
357,490,47,0,15,2,1,38,0,0,1401,0
533,438,42,1,21,1,4,147,95,0,1680,0
644,864,53,0,45,2,4,395,44,1,1486,0
8,973,37,0,20,2,9,0,0,1,42,0
385,1309,47,0,35,2,1,48,68,0,877,0
631,39,49,1,56,1,3,356,64,1,1933,0
512,1172,42,0,40,2,10,130,51,0,732,1
657,349,74,1,30,3,12,432,246,1,1975,1
105,668,54,1,25,3,3,1,83,1,1655,0
103,1249,54,1,30,3,3,1,0,0,1089,0
84,618,52,0,27,2,5,0,8,0,336,1
299,118,46,0,22,2,4,24,74,0,663,0
601,623,51,1,22,2,4,250,81,1,2010,0
81,1529,62,1,22,2,12,0,8,0,797,1
195,435,43,0,80,3,11,9,1,0,120,1
578,765,34,0,30,2,2,210,49,1,1427,0
2,1575,55,1,20,3,16,0,0,0,403,1
23,1069,64,1,30,3,12,0,0,1,392,1
418,1246,60,1,50,2,7,65,30,0,1702,0
400,558,64,1,25,3,3,56,272,1,1059,1
383,1563,38,0,22,2,10,48,78,0,623,0
486,1606,70,1,18,2,1,107,307,1,734,0
364,688,61,1,30,2,9,41,51,0,1080,1
609,307,62,1,22,2,1,263,34,1,2659,0
304,1668,65,1,52,3,7,25,155,0,1090,0
667,1236,64,1,30,3,12,550,263,1,177,1
497,1262,70,1,22,2,3,113,139,1,1821,0
468,699,77,1,20,3,4,94,325,0,1806,1
99,1319,45,1,15,2,6,1,162,0,1352,0
167,1003,67,1,25,2,1,6,19,0,529,1
172,970,54,1,50,3,6,7,0,0,1675,0
426,1645,62,1,39,2,4,73,235,1,374,1
495,1090,49,0,15,2,1,111,19,0,1703,0
45,764,47,0,30,2,10,0,0,1,827,1
325,786,31,0,55,2,3,28,89,0,491,1
384,407,70,1,21,2,3,48,66,0,1814,1
411,1150,49,0,20,2,7,63,27,0,67,0
678,383,65,1,20,1,2,912,606,0,991,1
625,1212,64,1,15,2,1,340,71,1,2009,0
292,620,65,1,27,2,19,23,13,0,575,1
413,1816,63,1,22,2,9,64,19,1,857,0
392,412,58,1,35,2,9,52,271,1,712,1
436,69,58,1,50,2,7,77,77,0,547,1
473,1493,49,0,23,2,2,98,31,0,566,0
69,1686,60,1,39,3,9,0,0,1,855,0
164,1114,46,1,31,3,1,6,3,1,1163,0
672,717,46,1,20,2,11,680,152,0,1814,1
388,1573,40,0,40,2,5,50,75,0,288,1
389,538,58,1,56,1,11,51,50,1,956,1
496,1266,66,1,23,2,1,112,225,1,1743,0
37,1503,48,0,15,2,6,0,110,0,488,0
236,1102,45,0,10,2,1,14,3,0,191,1
654,13,47,0,30,2,1,422,89,0,1279,1
54,1566,47,0,40,2,1,0,90,0,276,0
218,1445,52,0,30,2,12,11,20,0,490,1
87,1559,36,0,24,3,2,0,0,0,526,0
459,386,53,0,20,2,2,89,36,0,481,1
640,941,49,0,19,2,2,388,137,0,2039,1
393,1694,56,1,32,2,2,53,174,1,1219,0
320,164,44,0,29,2,1,27,23,0,1866,0
136,1409,62,1,55,3,8,3,2,0,1751,0
242,921,52,1,23,2,3,15,34,0,727,1
506,767,46,0,18,2,1,120,628,1,1692,0
476,301,62,1,20,2,1,100,100,1,46,0
529,1152,62,1,12,2,5,142,91,0,623,0
555,1326,44,0,15,2,1,175,88,0,1356,0
448,896,57,1,12,1,1,84,24,0,761,0
184,580,64,1,22,3,1,8,11,0,1094,1
406,1395,51,1,42,2,7,58,75,1,1078,0
188,1785,60,1,40,2,6,8,11,1,504,1
177,1604,58,1,30,3,13,7,46,0,859,1
119,1391,40,0,30,3,3,2,16,0,1459,0
123,1653,59,1,20,2,1,2,4,0,223,1
290,1156,59,1,22,2,2,23,235,0,1582,0
346,1379,32,0,28,2,12,33,107,0,675,0
485,1332,44,0,22,2,2,107,94,0,1219,1
179,1366,59,1,23,3,3,8,0,1,548,1
185,1808,61,1,18,3,4,8,10,0,29,0
59,501,34,0,40,3,1,0,37,0,1108,1
239,1492,60,1,15,1,7,14,8,1,429,0
544,897,60,1,32,3,8,162,315,0,596,0
369,1243,46,0,50,3,10,44,4,0,1722,0
255,463,63,1,21,1,2,16,241,1,559,1
3,1140,56,1,40,3,3,0,0,0,1603,0
675,1171,48,1,35,1,2,845,105,1,1578,0
541,1669,45,0,38,2,38,160,5,0,1095,0
584,180,63,1,34,2,12,223,236,1,1846,0
178,62,62,1,20,2,2,7,9,0,518,1
562,1245,60,1,16,2,1,184,51,1,1352,1
269,902,45,0,19,2,7,19,0,1,169,1
470,104,33,0,25,2,8,96,13,0,819,1
414,1321,58,1,18,2,3,64,418,1,675,1
72,1059,59,1,28,2,18,0,7,1,544,1
456,933,59,1,23,2,2,88,38,0,838,1
253,537,57,1,22,2,4,16,5,1,2612,0
469,913,67,1,24,2,4,96,90,1,1120,1
554,1272,43,0,32,2,1,171,43,0,57,0
510,1075,43,0,11,1,1,126,22,1,1833,0
483,1133,60,1,32,1,3,104,203,1,753,0
680,326,43,0,20,2,3,980,45,0,1499,0
110,468,66,1,20,2,9,1,11,1,1977,0
90,1786,49,0,30,3,3,1,84,0,721,0
515,677,45,0,50,1,2,132,200,0,2370,0
111,1701,54,1,28,3,4,1,2,0,628,0
287,211,63,1,23,2,3,22,32,0,2467,0
275,1057,31,0,23,2,4,20,0,0,1854,0
630,683,44,0,28,3,4,350,127,0,692,0
642,462,67,1,17,2,4,390,386,0,2388,0
199,1728,54,1,19,3,9,9,2,1,828,0
647,274,60,1,12,1,2,402,90,1,1767,0
20,1185,58,1,45,3,4,0,0,0,370,1
549,120,51,0,25,2,1,167,109,1,322,0
632,1810,51,0,50,2,5,360,57,0,17,0
441,1469,49,1,21,2,5,80,152,0,1730,0
298,1109,21,0,15,2,3,24,25,0,247,1
449,895,49,0,100,2,35,84,24,1,648,1
499,1291,47,1,30,1,9,114,26,1,1146,1
219,956,52,1,35,2,21,11,57,1,859,1
646,814,64,1,32,2,4,402,372,1,799,1
342,60,61,1,25,1,2,32,144,1,2014,0
519,1263,54,1,30,2,1,135,6,0,1371,1
421,1530,64,1,25,1,9,67,86,0,1232,0
71,512,67,1,65,2,8,0,0,0,745,1
297,616,50,0,25,3,1,24,85,0,544,1
430,1421,57,1,18,2,6,74,124,0,798,0
73,919,53,1,25,3,17,0,0,1,186,0
257,543,57,1,30,2,1,17,83,1,1641,1
602,1186,25,0,22,2,2,250,87,0,861,1
345,1818,46,0,26,1,3,33,68,0,858,0
349,1071,62,1,25,2,1,35,185,1,229,0
391,305,69,1,21,3,1,51,749,1,945,0
546,652,57,1,26,2,1,166,521,0,1002,1
225,539,62,1,25,3,4,12,49,1,1637,0
462,531,57,1,15,2,1,91,125,0,1441,0
539,213,69,1,20,2,2,154,191,0,876,1
52,1033,71,1,21,2,9,0,0,1,184,1
417,846,42,0,30,3,4,65,81,0,1852,0
191,1301,48,0,70,2,7,8,0,0,1502,0
634,948,49,0,28,1,4,364,120,1,1499,0
580,1442,54,1,22,2,2,211,129,0,1340,0
330,908,53,0,21,2,9,29,9,1,2059,0
234,299,48,1,22,2,4,14,0,0,563,1
10,1180,45,0,30,2,1,0,0,0,1093,1
140,955,43,0,55,2,1,4,124,0,424,0
26,1181,49,1,14,2,1,0,0,0,2051,0
67,779,50,1,52,2,1,0,0,0,350,1
472,578,71,1,16,2,1,98,306,1,1514,0
267,1487,32,0,17,3,1,19,8,0,1331,0
395,1304,53,1,25,2,2,54,58,0,1729,0
241,1447,34,0,3,3,1,14,11,0,1557,0
205,1695,36,0,8,3,1,10,0,0,1195,0
643,1298,65,1,58,2,11,390,119,0,1250,0
390,1252,47,0,70,2,1,51,28,0,995,0
527,1780,61,1,27,2,5,141,346,1,974,0
34,800,62,1,25,3,5,0,0,0,1225,1
95,723,50,0,18,3,1,1,4,0,17,0
89,725,45,0,23,2,4,1,4,1,540,1
452,901,63,1,25,2,1,86,366,0,1528,1
204,511,52,1,25,3,3,10,15,0,918,0
216,1603,62,1,20,2,1,11,6,1,870,0
328,1360,56,1,22,2,1,28,23,0,1684,1
228,1074,38,0,24,2,3,13,5,0,1838,0
432,1042,36,0,36,2,1,76,14,0,545,1
76,472,44,0,15,2,1,0,0,0,1965,0
277,1238,42,0,55,3,7,20,20,0,281,1
144,1105,30,0,12,2,11,4,3,0,242,1
570,1561,45,1,30,1,2,197,49,0,529,0
237,67,47,0,35,3,17,14,3,1,357,1